Attribute,Attribute Value,Age,Prior,Label,Expected Score,fold_num
race,African-American,48,4,0,0.04782696402151518,0
race,African-American,19,3,0,0.2689414213699951,0
race,African-American,19,4,0,0.10562687767908184,0
race,African-American,19,4,1,0.04742587317756678,0
race,African-American,31,4,1,0.11920292202211755,0
race,African-American,31,4,0,0.1951029053058523,0
race,African-American,29,2,0,0.0066928509242848554,0
race,African-American,29,4,0,0.15082373146991213,0
race,African-American,29,4,1,0.11920292202211755,0
race,African-American,24,4,0,0.07509448008510203,0
race,African-American,24,4,1,0.19407217169605634,0
race,African-American,26,2,0,0.012339530443188206,0
race,African-American,26,3,0,0.01798620996209156,0
race,African-American,26,4,0,0.10788728805696071,0
race,African-American,30,4,0,0.13219649710600537,0
race,African-American,30,4,1,0.2689414213699951,0
race,African-American,58,4,0,0.04742587317756678,0
race,African-American,35,2,0,0.01798620996209156,0
race,African-American,35,4,0,0.12341400964397627,0
race,African-American,18,3,0,0.08331439759984216,0
race,African-American,18,4,0,0.040065957373697975,0
race,African-American,18,4,1,0.04742587317756678,0
race,African-American,27,4,0,0.11817157814841159,0
race,African-American,27,4,1,0.11920292202211755,0
race,African-American,38,3,0,0.0066928509242848554,0
race,African-American,38,4,0,0.1016379470980594,0
race,African-American,23,4,1,0.16911575513807675,0
race,African-American,23,2,0,0.01798620996209156,0
race,African-American,23,4,0,0.08404144634394863,0
race,African-American,25,3,0,0.11920292202211755,0
race,African-American,25,4,0,0.09467179421445805,0
race,African-American,25,4,1,0.14346381566604333,0
race,African-American,34,3,0,0.02705936205092582,0
race,African-American,34,4,0,0.05801021958483566,0
race,African-American,33,4,0,0.07841666030748763,0
race,African-American,33,4,1,0.14346381566604333,0
race,African-American,47,4,0,0.027799431033916633,0
race,African-American,28,4,0,0.0708888139114627,0
race,African-American,28,4,1,0.18528968423402725,0
race,African-American,20,2,1,0.04742587317756678,0
race,African-American,20,2,0,0.01798620996209156,0
race,African-American,20,3,0,0.01798620996209156,0
race,African-American,20,4,0,0.13014415981144306,0
race,African-American,45,4,0,0.15818364727378095,0
race,African-American,54,4,0,0.04742587317756678,0
race,African-American,22,2,0,0.01798620996209156,0
race,African-American,22,4,0,0.1951029053058523,0
race,African-American,22,4,1,0.1272898865700928,0
race,African-American,49,4,0,0.012339530443188206,0
race,African-American,21,2,0,0.03270604156982917,0
race,African-American,21,3,0,0.06859456599210455,0
race,African-American,21,4,0,0.12096989392462497,0
race,African-American,21,3,1,0.04742587317756678,0
race,African-American,21,4,1,0.14346381566604333,0
race,African-American,39,4,0,0.11920292202211755,0
race,African-American,50,4,0,0.01798620996209156,0
race,African-American,50,4,1,0.04742587317756678,0
race,African-American,36,2,0,0.04742587317756678,0
race,African-American,36,4,0,0.08331439759984216,0
race,African-American,46,3,0,0.0066928509242848554,0
race,African-American,46,4,0,0.14346381566604333,0
race,African-American,42,2,0,0.0066928509242848554,0
race,African-American,42,4,0,0.08169956498950665,0
race,African-American,42,4,1,0.2689414213699951,0
race,African-American,44,4,0,0.15818364727378095,0
race,African-American,43,4,1,0.11920292202211755,0
race,African-American,43,4,0,0.02705936205092582,0
race,African-American,56,4,0,0.04742587317756678,0
race,African-American,56,4,1,0.11920292202211755,0
race,African-American,37,4,0,0.07135155612575036,0
race,African-American,53,4,0,0.02705936205092582,0
race,African-American,32,3,0,0.012339530443188206,0
race,African-American,32,4,0,0.10280476022567386,0
race,African-American,32,4,1,0.08331439759984216,0
race,African-American,62,4,0,0.11920292202211755,0
race,African-American,40,4,0,0.14346381566604333,0
race,African-American,66,4,0,0.04742587317756678,0
race,African-American,51,4,0,0.04742587317756678,0
race,African-American,52,3,0,0.11920292202211755,0
race,African-American,59,4,0,0.11920292202211755,0
race,Hispanic,42,4,0,0.02705936205092582,0
race,Hispanic,27,3,0,0.0066928509242848554,0
race,Hispanic,27,4,0,0.01798620996209156,0
race,Hispanic,55,3,0,0.0066928509242848554,0
race,Hispanic,20,3,0,0.04742587317756678,0
race,Hispanic,20,4,0,0.2689414213699951,0
race,Hispanic,49,4,0,0.02705936205092582,0
race,Hispanic,23,4,0,0.01798620996209156,0
race,Hispanic,25,4,0,0.2689414213699951,0
race,Hispanic,54,4,0,0.04742587317756678,0
race,Hispanic,24,4,0,0.01798620996209156,0
race,Hispanic,34,4,0,0.04742587317756678,0
race,Hispanic,29,4,0,0.01798620996209156,0
race,Hispanic,38,3,0,0.0066928509242848554,0
race,Hispanic,22,4,0,0.01798620996209156,0
race,Hispanic,28,3,0,0.11920292202211755,0
race,Hispanic,45,4,0,0.01798620996209156,0
race,Hispanic,39,4,0,0.01798620996209156,0
race,Hispanic,36,4,0,0.11920292202211755,0
race,Hispanic,32,4,0,0.19407217169605634,0
race,Hispanic,26,4,0,0.01798620996209156,0
race,Caucasian,39,2,0,0.11920292202211755,0
race,Caucasian,39,4,0,0.11338910663294274,0
race,Caucasian,39,4,1,0.04742587317756678,0
race,Caucasian,40,3,0,0.11920292202211755,0
race,Caucasian,40,4,0,0.04796066096949799,0
race,Caucasian,25,3,0,0.03270604156982917,0
race,Caucasian,25,4,0,0.13537685111806808,0
race,Caucasian,25,4,1,0.11920292202211755,0
race,Caucasian,53,4,0,0.01798620996209156,0
race,Caucasian,41,4,0,0.012339530443188206,0
race,Caucasian,18,2,0,0.04742587317756678,0
race,Caucasian,18,4,0,0.12126438924170957,0
race,Caucasian,34,3,0,0.0066928509242848554,0
race,Caucasian,34,4,0,0.1647429119923584,0
race,Caucasian,34,4,1,0.11920292202211755,0
race,Caucasian,32,4,0,0.11920292202211755,0
race,Caucasian,21,4,1,0.06859456599210455,0
race,Caucasian,21,2,0,0.04742587317756678,0
race,Caucasian,21,3,0,0.11920292202211755,0
race,Caucasian,21,4,0,0.11706906453487714,0
race,Caucasian,26,4,0,0.09527723907393397,0
race,Caucasian,51,2,0,0.01798620996209156,0
race,Caucasian,24,3,0,0.0066928509242848554,0
race,Caucasian,24,4,0,0.07135155612575036,0
race,Caucasian,49,4,0,0.03270604156982917,0
race,Caucasian,56,4,0,0.012339530443188206,0
race,Caucasian,48,4,0,0.03270604156982917,0
race,Caucasian,48,4,1,0.01798620996209156,0
race,Caucasian,37,3,0,0.01798620996209156,0
race,Caucasian,37,4,0,0.08331439759984216,0
race,Caucasian,20,4,1,0.04742587317756678,0
race,Caucasian,20,2,0,0.11920292202211755,0
race,Caucasian,20,3,0,0.04742587317756678,0
race,Caucasian,20,4,0,0.04742587317756678,0
race,Caucasian,54,3,0,0.02705936205092582,0
race,Caucasian,54,4,0,0.11920292202211755,0
race,Caucasian,46,3,0,0.11920292202211755,0
race,Caucasian,46,4,0,0.04742587317756678,0
race,Caucasian,28,4,0,0.08331439759984216,0
race,Caucasian,50,2,0,0.0066928509242848554,0
race,Caucasian,50,3,0,0.01798620996209156,0
race,Caucasian,50,4,0,0.029882701810377495,0
race,Caucasian,23,4,1,0.11920292202211755,0
race,Caucasian,23,4,0,0.09527723907393397,0
race,Caucasian,58,4,0,0.0066928509242848554,0
race,Caucasian,29,4,0,0.037643708458194695,0
race,Caucasian,47,4,0,0.08331439759984216,0
race,Caucasian,42,3,0,0.01798620996209156,0
race,Caucasian,22,4,0,0.12043980235387275,0
race,Caucasian,33,4,0,0.04742587317756678,0
race,Caucasian,27,4,0,0.09527723907393397,0
race,Caucasian,38,4,0,0.04742587317756678,0
race,Caucasian,30,4,0,0.07135155612575036,0
race,Caucasian,52,3,0,0.11920292202211755,0
race,Caucasian,52,4,0,0.0066928509242848554,0
race,Caucasian,43,4,1,0.04742587317756678,0
race,Caucasian,31,4,1,0.04742587317756678,0
race,Caucasian,31,4,0,0.04742587317756678,0
race,Caucasian,63,2,0,0.0066928509242848554,0
race,Caucasian,45,3,0,0.0066928509242848554,0
race,Caucasian,45,4,0,0.01798620996209156,0
race,Caucasian,44,4,0,0.11920292202211755,0
race,Caucasian,19,4,0,0.03270604156982917,0
race,Caucasian,35,2,0,0.0066928509242848554,0
race,Caucasian,35,4,0,0.08169956498950665,0
race,Caucasian,36,4,0,0.01798620996209156,0
race,Caucasian,55,3,0,0.0066928509242848554,0
race,Caucasian,69,4,0,0.04742587317756678,0
race,Other,34,4,0,0.11920292202211755,0
race,Other,33,4,0,0.03270604156982917,0
race,Other,38,4,0,0.01798620996209156,0
race,Other,27,4,0,0.18528968423402725,0
race,Other,20,4,0,0.03270604156982917,0
race,Other,31,4,1,0.04742587317756678,0
race,Other,22,4,0,0.2689414213699951,0
race,Other,25,3,0,0.01798620996209156,0
race,Other,25,4,0,0.2689414213699951,0
race,Other,29,2,0,0.01798620996209156,0
race,Other,39,3,0,0.0066928509242848554,0
race,Other,37,4,0,0.2689414213699951,0
race,Other,35,3,0,0.01798620996209156,0
race,Other,23,4,0,0.2689414213699951,0
race,Other,45,4,0,0.03270604156982917,0
race,Other,18,4,0,0.04742587317756678,0
race,Other,32,4,0,0.2689414213699951,0
race,Other,40,4,0,0.11920292202211755,0
sex,male,48,4,0,0.042786656537619844,0
sex,male,48,4,1,0.01798620996209156,0
sex,male,42,3,0,0.01798620996209156,0
sex,male,42,4,0,0.07313114203652168,0
sex,male,42,4,1,0.2689414213699951,0
sex,male,19,3,0,0.2689414213699951,0
sex,male,19,4,0,0.09467179421445805,0
sex,male,19,4,1,0.04742587317756678,0
sex,male,31,4,1,0.07135155612575036,0
sex,male,31,4,0,0.15818364727378095,0
sex,male,29,2,0,0.012339530443188206,0
sex,male,29,4,0,0.08576177440827987,0
sex,male,29,4,1,0.11920292202211755,0
sex,male,24,3,0,0.0066928509242848554,0
sex,male,24,4,0,0.0688820217213688,0
sex,male,24,4,1,0.19407217169605634,0
sex,male,39,3,0,0.0066928509242848554,0
sex,male,39,4,0,0.11455186971077772,0
sex,male,39,4,1,0.04742587317756678,0
sex,male,26,2,0,0.012339530443188206,0
sex,male,26,3,0,0.01798620996209156,0
sex,male,26,4,0,0.10410684337125017,0
sex,male,27,3,0,0.0066928509242848554,0
sex,male,27,4,0,0.1250536873362742,0
sex,male,27,4,1,0.11920292202211755,0
sex,male,55,3,0,0.0066928509242848554,0
sex,male,35,2,0,0.01798620996209156,0
sex,male,35,3,0,0.01798620996209156,0
sex,male,35,4,0,0.10950919475915306,0
sex,male,34,3,0,0.0066928509242848554,0
sex,male,34,4,0,0.09534428121308239,0
sex,male,34,4,1,0.11920292202211755,0
sex,male,40,3,0,0.11920292202211755,0
sex,male,40,4,0,0.10640526526012133,0
sex,male,18,2,0,0.04742587317756678,0
sex,male,18,3,0,0.08331439759984216,0
sex,male,18,4,0,0.0748652853171315,0
sex,male,18,4,1,0.04742587317756678,0
sex,male,53,4,0,0.024034978021314397,0
sex,male,33,4,0,0.06617545784696385,0
sex,male,33,4,1,0.14346381566604333,0
sex,male,41,4,0,0.012339530443188206,0
sex,male,32,3,0,0.012339530443188206,0
sex,male,32,4,0,0.16286883635847912,0
sex,male,32,4,1,0.08331439759984216,0
sex,male,25,3,0,0.05065030378096686,0
sex,male,25,4,0,0.14028346165398062,0
sex,male,25,4,1,0.13537685111806808,0
sex,male,23,4,1,0.15663754685908696,0
sex,male,23,2,0,0.01798620996209156,0
sex,male,23,4,0,0.10301895231713926,0
sex,male,20,2,0,0.06859456599210455,0
sex,male,20,3,0,0.03270604156982917,0
sex,male,20,4,0,0.09010940317244526,0
sex,male,20,2,1,0.04742587317756678,0
sex,male,20,4,1,0.04742587317756678,0
sex,male,49,4,0,0.024034978021314397,0
sex,male,56,4,0,0.024034978021314397,0
sex,male,56,4,1,0.11920292202211755,0
sex,male,47,4,0,0.05801021958483566,0
sex,male,37,3,0,0.01798620996209156,0
sex,male,37,4,0,0.12043980235387275,0
sex,male,45,3,0,0.0066928509242848554,0
sex,male,45,4,0,0.06962529960190056,0
sex,male,54,3,0,0.0066928509242848554,0
sex,male,54,4,0,0.07135155612575038,0
sex,male,50,2,0,0.0066928509242848554,0
sex,male,50,3,0,0.01798620996209156,0
sex,male,50,4,0,0.02252278600650869,0
sex,male,50,4,1,0.04742587317756678,0
sex,male,46,3,0,0.0629478864732012,0
sex,male,46,4,0,0.11145116816988448,0
sex,male,21,2,0,0.03761265210574171,0
sex,male,21,3,0,0.06859456599210455,0
sex,male,21,4,0,0.13920865145284725,0
sex,male,21,3,1,0.04742587317756678,0
sex,male,21,4,1,0.13537685111806808,0
sex,male,30,4,0,0.09527723907393397,0
sex,male,30,4,1,0.2689414213699951,0
sex,male,36,2,0,0.04742587317756678,0
sex,male,36,4,0,0.03270604156982917,0
sex,male,22,2,0,0.01798620996209156,0
sex,male,22,4,0,0.1484093060641897,0
sex,male,22,4,1,0.1272898865700928,0
sex,male,28,3,0,0.11920292202211755,0
sex,male,28,4,0,0.07692807742529456,0
sex,male,28,4,1,0.18528968423402725,0
sex,male,44,4,0,0.14519007218989313,0
sex,male,43,4,1,0.08331439759984216,0
sex,male,43,4,0,0.0066928509242848554,0
sex,male,38,3,0,0.0066928509242848554,0
sex,male,38,4,0,0.11145116816988448,0
sex,male,62,4,0,0.11920292202211755,0
sex,male,52,3,0,0.11920292202211755,0
sex,male,52,4,0,0.0066928509242848554,0
sex,male,66,4,0,0.04742587317756678,0
sex,male,58,4,0,0.04742587317756678,0
sex,male,51,4,0,0.04742587317756678,0
sex,male,69,4,0,0.04742587317756678,0
sex,male,59,4,0,0.11920292202211755,0
sex,female,30,4,0,0.14519007218989313,0
sex,female,58,4,0,0.02705936205092582,0
sex,female,25,4,0,0.01798620996209156,0
sex,female,25,4,1,0.11920292202211755,0
sex,female,27,4,0,0.04742587317756678,0
sex,female,38,4,0,0.01798620996209156,0
sex,female,21,4,1,0.01798620996209156,0
sex,female,21,3,0,0.11920292202211755,0
sex,female,21,4,0,0.03761265210574171,0
sex,female,51,2,0,0.01798620996209156,0
sex,female,28,4,0,0.04742587317756678,0
sex,female,23,4,0,0.01798620996209156,0
sex,female,34,3,0,0.02705936205092582,0
sex,female,34,4,0,0.2689414213699951,0
sex,female,22,2,0,0.01798620996209156,0
sex,female,22,4,0,0.14519007218989313,0
sex,female,54,3,0,0.04742587317756678,0
sex,female,39,2,0,0.11920292202211755,0
sex,female,39,4,0,0.01798620996209156,0
sex,female,26,4,0,0.06859456599210455,0
sex,female,36,4,0,0.11920292202211755,0
sex,female,50,4,0,0.04742587317756678,0
sex,female,47,4,0,0.01798620996209156,0
sex,female,42,2,0,0.0066928509242848554,0
sex,female,42,4,0,0.0066928509242848554,0
sex,female,31,4,0,0.04742587317756678,0
sex,female,37,4,0,0.04742587317756678,0
sex,female,32,4,0,0.04742587317756678,0
sex,female,43,4,0,0.04742587317756678,0
sex,female,63,2,0,0.0066928509242848554,0
sex,female,19,4,0,0.04742587317756678,0
sex,female,35,2,0,0.0066928509242848554,0
sex,female,20,3,0,0.04742587317756678,0
sex,female,20,4,0,0.2689414213699951,0
sex,female,40,4,0,0.01798620996209156,0
sex,female,18,4,0,0.04742587317756678,0
sex,female,52,3,0,0.11920292202211755,0
race,Other,40,4,0,0.01798620996209156,1
race,Other,34,4,0,0.01798620996209156,1
race,Other,27,4,0,0.04742587317756678,1
race,Other,22,4,0,0.2689414213699951,1
race,Other,35,4,0,0.01798620996209156,1
race,Other,26,4,0,0.04742587317756678,1
race,Other,43,4,0,0.07135155612575036,1
race,Other,20,4,0,0.11920292202211755,1
race,Other,18,4,0,0.04742587317756678,1
race,Other,25,4,0,0.04742587317756678,1
race,Caucasian,28,4,0,0.21902858825403593,1
race,Caucasian,50,2,0,0.01798620996209156,1
race,Caucasian,50,4,0,0.06537013538870448,1
race,Caucasian,23,4,0,0.2689414213699951,1
race,Caucasian,43,2,0,0.01798620996209156,1
race,Caucasian,43,4,0,0.06644494558983784,1
race,Caucasian,42,4,0,0.03270604156982917,1
race,Caucasian,48,4,0,0.01798620996209156,1
race,Caucasian,20,3,0,0.10125865981097987,1
race,Caucasian,20,4,0,0.09527723907393397,1
race,Caucasian,55,4,0,0.05172511398210022,1
race,Caucasian,25,3,0,0.04742587317756678,1
race,Caucasian,25,4,0,0.09527723907393397,1
race,Caucasian,35,4,0,0.05000541766028684,1
race,Caucasian,31,2,0,0.04742587317756678,1
race,Caucasian,31,4,0,0.15038750222344827,1
race,Caucasian,45,4,0,0.05801021958483566,1
race,Caucasian,22,2,0,0.04742587317756678,1
race,Caucasian,22,4,0,0.12043980235387275,1
race,Caucasian,22,4,1,0.2689414213699951,1
race,Caucasian,34,3,0,0.01798620996209156,1
race,Caucasian,34,4,0,0.11920292202211755,1
race,Caucasian,37,3,0,0.04742587317756678,1
race,Caucasian,37,4,0,0.01798620996209156,1
race,Caucasian,19,3,0,0.04742587317756678,1
race,Caucasian,19,4,0,0.04742587317756678,1
race,Caucasian,19,4,1,0.11920292202211755,1
race,Caucasian,44,2,0,0.01798620996209156,1
race,Caucasian,44,4,0,0.01798620996209156,1
race,Caucasian,18,4,0,0.07135155612575036,1
race,Caucasian,18,4,1,0.2689414213699951,1
race,Caucasian,21,4,0,0.07135155612575036,1
race,Caucasian,21,2,1,0.04742587317756678,1
race,Caucasian,30,4,0,0.12043980235387275,1
race,Caucasian,41,4,0,0.04742587317756678,1
race,Caucasian,51,4,0,0.03270604156982917,1
race,Caucasian,47,4,0,0.06153833505392529,1
race,Caucasian,26,2,0,0.04742587317756678,1
race,Caucasian,26,4,0,0.1951029053058523,1
race,Caucasian,27,2,0,0.04742587317756678,1
race,Caucasian,27,4,0,0.10125865981097985,1
race,Caucasian,27,4,1,0.11920292202211755,1
race,Caucasian,46,4,0,0.05172511398210022,1
race,Caucasian,24,2,0,0.04742587317756678,1
race,Caucasian,24,4,0,0.11920292202211755,1
race,Caucasian,24,4,1,0.2689414213699951,1
race,Caucasian,39,2,1,0.01798620996209156,1
race,Caucasian,53,2,0,0.01798620996209156,1
race,Caucasian,38,4,0,0.01798620996209156,1
race,Caucasian,29,2,0,0.04742587317756678,1
race,Caucasian,29,4,0,0.09527723907393397,1
race,Caucasian,32,2,0,0.11920292202211755,1
race,Caucasian,32,4,0,0.2689414213699951,1
race,Caucasian,49,4,0,0.01798620996209156,1
race,Caucasian,40,4,0,0.11920292202211755,1
race,Caucasian,54,4,0,0.01798620996209156,1
race,Caucasian,61,4,0,0.0066928509242848554,1
race,African-American,31,4,0,0.18210933022196452,1
race,African-American,31,4,1,0.2689414213699951,1
race,African-American,28,2,0,0.04742587317756678,1
race,African-American,28,4,0,0.1484384659608651,1
race,African-American,28,4,1,0.11920292202211755,1
race,African-American,21,4,1,0.19407217169605634,1
race,African-American,21,2,0,0.04742587317756678,1
race,African-American,21,3,0,0.04742587317756678,1
race,African-American,21,4,0,0.07818746553951712,1
race,African-American,46,2,0,0.01798620996209156,1
race,African-American,46,3,0,0.01798620996209156,1
race,African-American,46,4,0,0.01798620996209156,1
race,African-American,20,4,1,0.11920292202211755,1
race,African-American,20,3,0,0.07135155612575036,1
race,African-American,20,4,0,0.10125865981097987,1
race,African-American,27,4,0,0.1864405219165938,1
race,African-American,26,2,0,0.04742587317756678,1
race,African-American,26,4,0,0.17612790948491863,1
race,African-American,29,4,1,0.19407217169605634,1
race,African-American,29,2,0,0.04742587317756678,1
race,African-American,29,3,0,0.04742587317756678,1
race,African-American,29,4,0,0.061781282946476945,1
race,African-American,23,2,0,0.08331439759984216,1
race,African-American,23,3,0,0.08331439759984216,1
race,African-American,23,4,0,0.1297211535423804,1
race,African-American,22,2,0,0.04742587317756678,1
race,African-American,22,4,0,0.12032735868734955,1
race,African-American,22,4,1,0.2689414213699951,1
race,African-American,35,4,0,0.06436082742919699,1
race,African-American,35,4,1,0.11920292202211755,1
race,African-American,30,3,0,0.04742587317756678,1
race,African-American,30,4,0,0.11997597222946454,1
race,African-American,18,3,0,0.04742587317756678,1
race,African-American,18,4,0,0.08331439759984217,1
race,African-American,19,4,1,0.08331439759984216,1
race,African-American,19,3,0,0.04742587317756678,1
race,African-American,19,4,0,0.10125865981097985,1
race,African-American,50,4,0,0.05000541766028684,1
race,African-American,37,4,0,0.07135155612575038,1
race,African-American,47,4,0,0.09527723907393397,1
race,African-American,51,2,0,0.01798620996209156,1
race,African-American,51,4,0,0.08331439759984216,1
race,African-American,53,2,0,0.01798620996209156,1
race,African-American,53,3,0,0.04742587317756678,1
race,African-American,49,2,0,0.01798620996209156,1
race,African-American,49,4,0,0.03270604156982917,1
race,African-American,58,4,1,0.04742587317756678,1
race,African-American,58,4,0,0.01798620996209156,1
race,African-American,32,2,0,0.08331439759984216,1
race,African-American,32,4,0,0.13479521212278292,1
race,African-American,24,4,0,0.14046513579575215,1
race,African-American,25,4,1,0.16911575513807672,1
race,African-American,25,2,0,0.04742587317756678,1
race,African-American,25,3,0,0.04742587317756678,1
race,African-American,25,4,0,0.08932481561142093,1
race,African-American,33,4,0,0.061781282946476945,1
race,African-American,33,4,1,0.2689414213699951,1
race,African-American,52,4,0,0.11920292202211755,1
race,African-American,43,3,0,0.01798620996209156,1
race,African-American,43,4,0,0.09527723907393397,1
race,African-American,45,4,0,0.11920292202211755,1
race,African-American,54,4,0,0.11920292202211755,1
race,African-American,56,3,0,0.04742587317756678,1
race,African-American,56,4,0,0.01798620996209156,1
race,African-American,39,4,0,0.03270604156982917,1
race,African-American,41,4,0,0.06859456599210456,1
race,African-American,34,2,0,0.01798620996209156,1
race,African-American,34,4,0,0.08546401800210889,1
race,African-American,44,4,0,0.11920292202211755,1
race,African-American,42,4,0,0.06153833505392529,1
race,African-American,38,4,0,0.06153833505392529,1
race,African-American,59,4,0,0.01798620996209156,1
race,African-American,48,4,0,0.04742587317756678,1
race,African-American,55,4,1,0.11920292202211755,1
race,African-American,36,4,0,0.08546401800210889,1
race,African-American,36,4,1,0.11920292202211755,1
race,African-American,40,4,0,0.08331439759984216,1
race,African-American,62,4,0,0.04742587317756678,1
race,Hispanic,55,4,0,0.04742587317756678,1
race,Hispanic,49,4,0,0.08546401800210889,1
race,Hispanic,46,3,0,0.01798620996209156,1
race,Hispanic,18,2,0,0.04742587317756678,1
race,Hispanic,22,4,1,0.2689414213699951,1
race,Hispanic,42,4,0,0.03270604156982917,1
race,Hispanic,19,4,0,0.04742587317756678,1
race,Hispanic,23,3,0,0.11920292202211755,1
race,Hispanic,23,4,0,0.11920292202211755,1
race,Hispanic,31,4,0,0.09527723907393397,1
race,Hispanic,24,4,0,0.04742587317756678,1
race,Hispanic,37,4,0,0.01798620996209156,1
race,Hispanic,45,4,0,0.01798620996209156,1
race,Hispanic,35,4,0,0.03270604156982917,1
race,Hispanic,28,4,1,0.04742587317756678,1
race,Hispanic,32,4,0,0.11920292202211755,1
race,Hispanic,27,4,0,0.2689414213699951,1
race,Hispanic,33,4,0,0.2689414213699951,1
race,Hispanic,20,4,0,0.11920292202211755,1
sex,male,40,4,0,0.05065030378096686,1
sex,male,28,2,0,0.04742587317756678,1
sex,male,28,4,0,0.17846529426719926,1
sex,male,28,4,1,0.08331439759984216,1
sex,male,50,4,0,0.05801021958483566,1
sex,male,31,4,0,0.16963112194297472,1
sex,male,31,4,1,0.2689414213699951,1
sex,male,23,2,0,0.08331439759984216,1
sex,male,23,3,0,0.11920292202211755,1
sex,male,23,4,0,0.18210933022196452,1
sex,male,21,2,1,0.04742587317756678,1
sex,male,21,4,1,0.19407217169605634,1
sex,male,21,2,0,0.04742587317756678,1
sex,male,21,4,0,0.07613669271538707,1
sex,male,46,2,0,0.01798620996209156,1
sex,male,46,3,0,0.01798620996209156,1
sex,male,46,4,0,0.05172511398210022,1
sex,male,43,2,0,0.01798620996209156,1
sex,male,43,3,0,0.01798620996209156,1
sex,male,43,4,0,0.07085028519236021,1
sex,male,20,4,1,0.11920292202211755,1
sex,male,20,3,0,0.08331439759984216,1
sex,male,20,4,0,0.10325246672332848,1
sex,male,27,2,0,0.04742587317756678,1
sex,male,27,4,0,0.15766828046888295,1
sex,male,26,4,0,0.17014648874787275,1
sex,male,22,2,0,0.04742587317756678,1
sex,male,22,4,0,0.14147762216592522,1
sex,male,22,4,1,0.2689414213699951,1
sex,male,55,4,0,0.050650303780966854,1
sex,male,55,4,1,0.11920292202211755,1
sex,male,42,4,0,0.03988374645428425,1
sex,male,48,4,0,0.03270604156982917,1
sex,male,35,4,0,0.044668883043920964,1
sex,male,35,4,1,0.11920292202211755,1
sex,male,30,4,0,0.12761750723832782,1
sex,male,18,2,0,0.04742587317756678,1
sex,male,18,3,0,0.04742587317756678,1
sex,male,18,4,0,0.06793360141886702,1
sex,male,18,4,1,0.2689414213699951,1
sex,male,19,4,1,0.09527723907393397,1
sex,male,19,3,0,0.04742587317756678,1
sex,male,19,4,0,0.0743422664942733,1
sex,male,37,3,0,0.04742587317756678,1
sex,male,37,4,0,0.029762075248281644,1
sex,male,25,2,0,0.04742587317756678,1
sex,male,25,3,0,0.04742587317756678,1
sex,male,25,4,0,0.09596439481379797,1
sex,male,25,4,1,0.16911575513807672,1
sex,male,49,2,0,0.01798620996209156,1
sex,male,49,4,0,0.05531660289794904,1
sex,male,47,4,0,0.07840778706392963,1
sex,male,45,4,0,0.06977613319223848,1
sex,male,29,2,0,0.04742587317756678,1
sex,male,29,3,0,0.04742587317756678,1
sex,male,29,4,0,0.07818746553951712,1
sex,male,29,4,1,0.11920292202211755,1
sex,male,51,2,0,0.01798620996209156,1
sex,male,51,4,0,0.049575493579833506,1
sex,male,53,2,0,0.01798620996209156,1
sex,male,34,2,0,0.01798620996209156,1
sex,male,34,3,0,0.01798620996209156,1
sex,male,34,4,0,0.07871623719810714,1
sex,male,58,4,1,0.04742587317756678,1
sex,male,58,4,0,0.01798620996209156,1
sex,male,44,2,0,0.01798620996209156,1
sex,male,44,4,0,0.06859456599210455,1
sex,male,24,2,0,0.04742587317756678,1
sex,male,24,4,0,0.13271186391090337,1
sex,male,24,4,1,0.2689414213699951,1
sex,male,32,2,0,0.09527723907393397,1
sex,male,32,4,0,0.15715291366398496,1
sex,male,33,4,0,0.10280476022567386,1
sex,male,33,4,1,0.2689414213699951,1
sex,male,52,4,0,0.11920292202211755,1
sex,male,41,4,0,0.06436082742919699,1
sex,male,54,4,0,0.08546401800210889,1
sex,male,56,3,0,0.04742587317756678,1
sex,male,56,4,0,0.01798620996209156,1
sex,male,39,2,1,0.01798620996209156,1
sex,male,39,4,0,0.04742587317756678,1
sex,male,38,4,0,0.05065030378096686,1
sex,male,59,4,0,0.01798620996209156,1
sex,male,61,4,0,0.0066928509242848554,1
sex,male,36,4,0,0.08546401800210889,1
sex,male,36,4,1,0.11920292202211755,1
sex,male,62,4,0,0.04742587317756678,1
sex,female,29,4,1,0.2689414213699951,1
sex,female,29,3,0,0.04742587317756678,1
sex,female,29,4,0,0.04742587317756678,1
sex,female,23,3,0,0.08331439759984216,1
sex,female,23,4,0,0.04742587317756678,1
sex,female,21,3,0,0.04742587317756678,1
sex,female,20,3,0,0.09527723907393397,1
sex,female,20,4,0,0.11920292202211755,1
sex,female,22,4,0,0.07135155612575038,1
sex,female,22,4,1,0.2689414213699951,1
sex,female,27,4,0,0.16911575513807675,1
sex,female,27,4,1,0.11920292202211755,1
sex,female,32,4,0,0.11920292202211755,1
sex,female,31,2,0,0.04742587317756678,1
sex,female,31,4,0,0.04742587317756678,1
sex,female,19,3,0,0.04742587317756678,1
sex,female,24,4,0,0.08331439759984216,1
sex,female,49,4,0,0.01798620996209156,1
sex,female,30,3,0,0.04742587317756678,1
sex,female,30,4,0,0.09527723907393397,1
sex,female,26,2,0,0.04742587317756678,1
sex,female,50,2,0,0.01798620996209156,1
sex,female,50,4,0,0.04742587317756678,1
sex,female,39,4,0,0.01798620996209156,1
sex,female,18,4,0,0.11920292202211755,1
sex,female,46,4,0,0.01798620996209156,1
sex,female,25,3,0,0.04742587317756678,1
sex,female,25,4,0,0.04742587317756678,1
sex,female,33,4,0,0.08331439759984216,1
sex,female,40,4,0,0.11920292202211755,1
sex,female,43,4,0,0.11920292202211755,1
sex,female,28,4,0,0.11920292202211755,1
sex,female,42,4,0,0.04742587317756678,1
sex,female,53,3,0,0.04742587317756678,1
sex,female,48,4,0,0.04742587317756678,1
sex,female,35,4,0,0.11920292202211755,1
sex,female,37,4,0,0.11920292202211755,1
race,African-American,21,2,0,0.04742587317756678,2
race,African-American,21,4,0,0.12615140308526207,2
race,African-American,21,4,1,0.10125865981097987,2
race,African-American,30,3,0,0.04742587317756678,2
race,African-American,30,4,0,0.06537013538870447,2
race,African-American,30,4,1,0.04742587317756678,2
race,African-American,48,3,0,0.04742587317756678,2
race,African-American,48,4,0,0.03270604156982917,2
race,African-American,26,3,0,0.04742587317756678,2
race,African-American,26,4,0,0.09957867973207105,2
race,African-American,26,4,1,0.2689414213699951,2
race,African-American,24,3,1,0.11920292202211755,2
race,African-American,24,2,0,0.04742587317756678,2
race,African-American,24,4,0,0.07135155612575036,2
race,African-American,27,2,0,0.04742587317756678,2
race,African-American,27,3,0,0.04742587317756678,2
race,African-American,27,4,0,0.12823594740420544,2
race,African-American,18,2,0,0.08331439759984216,2
race,African-American,18,4,0,0.10983254385272116,2
race,African-American,18,4,1,0.04742587317756678,2
race,African-American,38,4,0,0.06859456599210455,2
race,African-American,31,4,0,0.11326209746941769,2
race,African-American,31,4,1,0.11920292202211755,2
race,African-American,45,2,0,0.04742587317756678,2
race,African-American,45,3,0,0.01798620996209156,2
race,African-American,45,4,0,0.06153833505392529,2
race,African-American,23,3,1,0.11920292202211755,2
race,African-American,23,4,1,0.15663754685908696,2
race,African-American,23,4,0,0.12074902243681157,2
race,African-American,37,4,0,0.050650303780966854,2
race,African-American,20,4,1,0.11920292202211755,2
race,African-American,20,4,0,0.0743422664942733,2
race,African-American,33,4,0,0.14236110811717892,2
race,African-American,33,4,1,0.11920292202211755,2
race,African-American,50,3,0,0.01798620996209156,2
race,African-American,50,4,0,0.09037062853802141,2
race,African-American,22,2,0,0.04742587317756678,2
race,African-American,22,3,0,0.08331439759984216,2
race,African-American,22,4,0,0.15741059706643395,2
race,African-American,22,4,1,0.2689414213699951,2
race,African-American,41,4,0,0.01798620996209156,2
race,African-American,35,4,0,0.07595448179597336,2
race,African-American,35,4,1,0.11920292202211755,2
race,African-American,42,4,0,0.08331439759984216,2
race,African-American,34,4,0,0.05531660289794904,2
race,African-American,19,2,0,0.04742587317756678,2
race,African-American,19,3,0,0.04742587317756678,2
race,African-American,19,4,0,0.04742587317756678,2
race,African-American,32,4,1,0.2689414213699951,2
race,African-American,32,4,0,0.19407217169605634,2
race,African-American,46,4,0,0.11920292202211755,2
race,African-American,43,4,0,0.01798620996209156,2
race,African-American,43,4,1,0.11920292202211755,2
race,African-American,28,4,0,0.18210933022196452,2
race,African-American,28,4,1,0.2689414213699951,2
race,African-American,55,4,0,0.06859456599210455,2
race,African-American,25,2,0,0.08331439759984216,2
race,African-American,25,4,0,0.10983254385272116,2
race,African-American,25,4,1,0.19407217169605634,2
race,African-American,47,4,0,0.08331439759984216,2
race,African-American,40,4,0,0.03761265210574171,2
race,African-American,29,3,0,0.04742587317756678,2
race,African-American,29,4,0,0.1048475122532074,2
race,African-American,56,4,0,0.01798620996209156,2
race,African-American,49,4,0,0.06859456599210455,2
race,African-American,39,4,0,0.03761265210574171,2
race,African-American,39,4,1,0.04742587317756678,2
race,African-American,52,4,0,0.11920292202211755,2
race,African-American,60,4,0,0.11920292202211755,2
race,African-American,36,4,0,0.04742587317756678,2
race,African-American,57,4,0,0.01798620996209156,2
race,African-American,58,4,0,0.04742587317756678,2
race,Other,46,4,1,0.04742587317756678,2
race,Other,18,2,1,0.04742587317756678,2
race,Other,41,4,0,0.01798620996209156,2
race,Other,26,4,0,0.04742587317756678,2
race,Other,19,3,1,0.11920292202211755,2
race,Other,27,4,0,0.08331439759984216,2
race,Other,34,4,0,0.01798620996209156,2
race,Other,31,4,1,0.04742587317756678,2
race,Other,37,4,0,0.01798620996209156,2
race,Other,28,4,0,0.11920292202211755,2
race,Other,30,4,0,0.04742587317756678,2
race,Other,36,4,0,0.04742587317756678,2
race,Other,35,3,0,0.04742587317756678,2
race,Other,35,4,0,0.04742587317756678,2
race,Other,50,4,0,0.01798620996209156,2
race,Other,21,3,0,0.04742587317756678,2
race,Other,54,4,0,0.11920292202211755,2
race,Other,22,4,0,0.11920292202211755,2
race,Caucasian,30,4,0,0.10125865981097987,2
race,Caucasian,35,2,0,0.04742587317756678,2
race,Caucasian,35,4,0,0.08331439759984216,2
race,Caucasian,23,3,0,0.08331439759984216,2
race,Caucasian,23,4,0,0.13479521212278292,2
race,Caucasian,36,2,0,0.01798620996209156,2
race,Caucasian,36,3,0,0.04742587317756678,2
race,Caucasian,36,4,0,0.07135155612575036,2
race,Caucasian,36,4,1,0.04742587317756678,2
race,Caucasian,27,4,0,0.09527723907393394,2
race,Caucasian,50,2,0,0.01798620996209156,2
race,Caucasian,50,3,0,0.04742587317756678,2
race,Caucasian,50,4,0,0.025346125765960365,2
race,Caucasian,56,3,0,0.04742587317756678,2
race,Caucasian,56,4,0,0.01798620996209156,2
race,Caucasian,46,4,0,0.08331439759984216,2
race,Caucasian,21,4,1,0.11920292202211755,2
race,Caucasian,21,4,0,0.11920292202211753,2
race,Caucasian,34,3,0,0.01798620996209156,2
race,Caucasian,34,4,0,0.04742587317756678,2
race,Caucasian,34,2,1,0.01798620996209156,2
race,Caucasian,19,2,0,0.04742587317756678,2
race,Caucasian,19,3,0,0.11920292202211755,2
race,Caucasian,19,4,0,0.12126438924170957,2
race,Caucasian,19,4,1,0.11920292202211755,2
race,Caucasian,22,2,0,0.08331439759984216,2
race,Caucasian,22,4,0,0.16911575513807675,2
race,Caucasian,32,4,0,0.08331439759984216,2
race,Caucasian,44,4,0,0.04742587317756678,2
race,Caucasian,24,4,0,0.10827081415782176,2
race,Caucasian,25,3,0,0.11920292202211755,2
race,Caucasian,25,4,0,0.19407217169605634,2
race,Caucasian,43,2,0,0.01798620996209156,2
race,Caucasian,43,4,0,0.050650303780966854,2
race,Caucasian,39,2,0,0.01798620996209156,2
race,Caucasian,39,4,0,0.11920292202211755,2
race,Caucasian,42,3,0,0.04742587317756678,2
race,Caucasian,42,4,0,0.027799431033916633,2
race,Caucasian,47,4,0,0.03761265210574171,2
race,Caucasian,45,4,0,0.03761265210574171,2
race,Caucasian,45,4,1,0.11920292202211755,2
race,Caucasian,53,4,0,0.050650303780966854,2
race,Caucasian,33,4,0,0.14519007218989313,2
race,Caucasian,41,4,0,0.07595448179597336,2
race,Caucasian,29,4,0,0.06537013538870448,2
race,Caucasian,29,4,1,0.2689414213699951,2
race,Caucasian,18,4,1,0.2689414213699951,2
race,Caucasian,18,2,0,0.11920292202211755,2
race,Caucasian,18,4,0,0.09527723907393397,2
race,Caucasian,52,4,0,0.050650303780966854,2
race,Caucasian,40,3,0,0.03270604156982917,2
race,Caucasian,40,4,0,0.01798620996209156,2
race,Caucasian,20,3,0,0.04742587317756678,2
race,Caucasian,20,4,0,0.2689414213699951,2
race,Caucasian,20,4,1,0.04742587317756678,2
race,Caucasian,26,4,0,0.04742587317756678,2
race,Caucasian,37,4,0,0.11920292202211755,2
race,Caucasian,48,4,0,0.03270604156982917,2
race,Caucasian,64,2,0,0.01798620996209156,2
race,Caucasian,62,4,0,0.01798620996209156,2
race,Caucasian,31,4,0,0.04742587317756678,2
race,Caucasian,28,4,0,0.04742587317756678,2
race,Caucasian,55,4,0,0.01798620996209156,2
race,Hispanic,51,4,0,0.01798620996209156,2
race,Hispanic,22,3,0,0.04742587317756678,2
race,Hispanic,32,4,0,0.04742587317756678,2
race,Hispanic,26,2,0,0.04742587317756678,2
race,Hispanic,27,4,0,0.2689414213699951,2
race,Hispanic,30,3,0,0.11920292202211755,2
race,Hispanic,30,4,1,0.2689414213699951,2
race,Hispanic,24,4,0,0.11920292202211755,2
race,Hispanic,43,2,0,0.01798620996209156,2
race,Hispanic,33,4,0,0.11920292202211755,2
race,Hispanic,21,4,0,0.11920292202211755,2
race,Hispanic,38,4,0,0.04742587317756678,2
race,Hispanic,35,2,0,0.01798620996209156,2
race,Hispanic,35,3,0,0.04742587317756678,2
race,Hispanic,50,4,0,0.04742587317756678,2
race,Hispanic,23,4,0,0.11920292202211755,2
race,Hispanic,54,4,0,0.01798620996209156,2
race,Hispanic,48,4,0,0.01798620996209156,2
sex,male,21,2,0,0.04742587317756678,2
sex,male,21,3,0,0.04742587317756678,2
sex,male,21,4,0,0.1300100755331462,2
sex,male,21,4,1,0.10125865981097987,2
sex,male,30,3,0,0.08331439759984216,2
sex,male,30,4,0,0.08844132966016723,2
sex,male,30,4,1,0.04742587317756678,2
sex,male,46,4,1,0.04742587317756678,2
sex,male,46,4,0,0.09527723907393397,2
sex,male,35,2,0,0.03270604156982917,2
sex,male,35,3,0,0.04742587317756678,2
sex,male,35,4,0,0.07840778706392963,2
sex,male,35,4,1,0.11920292202211755,2
sex,male,26,2,0,0.04742587317756678,2
sex,male,26,4,0,0.08798916716440343,2
sex,male,26,4,1,0.2689414213699951,2
sex,male,27,2,0,0.04742587317756678,2
sex,male,27,3,0,0.04742587317756678,2
sex,male,27,4,0,0.13635069010560014,2
sex,male,23,3,0,0.08331439759984216,2
sex,male,23,4,0,0.13652768880063462,2
sex,male,23,3,1,0.11920292202211755,2
sex,male,23,4,1,0.15663754685908696,2
sex,male,18,2,1,0.04742587317756678,2
sex,male,18,4,1,0.2689414213699951,2
sex,male,18,2,0,0.09527723907393397,2
sex,male,18,4,0,0.105465952419085,2
sex,male,24,4,0,0.09267305380908451,2
sex,male,38,4,0,0.06153833505392529,2
sex,male,31,4,0,0.1297211535423804,2
sex,male,31,4,1,0.08331439759984216,2
sex,male,50,2,0,0.01798620996209156,2
sex,male,50,4,0,0.06014495311400559,2
sex,male,56,3,0,0.04742587317756678,2
sex,male,56,4,0,0.01798620996209156,2
sex,male,51,4,0,0.01798620996209156,2
sex,male,45,2,0,0.04742587317756678,2
sex,male,45,3,0,0.01798620996209156,2
sex,male,45,4,0,0.049575493579833506,2
sex,male,45,4,1,0.11920292202211755,2
sex,male,37,4,0,0.06436082742919699,2
sex,male,20,4,1,0.08331439759984216,2
sex,male,20,3,0,0.04742587317756678,2
sex,male,20,4,0,0.09596439481379797,2
sex,male,34,3,0,0.01798620996209156,2
sex,male,34,4,0,0.05356310740453077,2
sex,male,34,2,1,0.01798620996209156,2
sex,male,41,4,0,0.01798620996209156,2
sex,male,19,2,0,0.04742587317756678,2
sex,male,19,3,0,0.07135155612575036,2
sex,male,19,4,0,0.08434513120963817,2
sex,male,19,3,1,0.11920292202211755,2
sex,male,19,4,1,0.11920292202211755,2
sex,male,33,4,0,0.14102735412836812,2
sex,male,33,4,1,0.11920292202211755,2
sex,male,22,2,0,0.06537013538870447,2
sex,male,22,3,0,0.07135155612575036,2
sex,male,22,4,0,0.15715291366398493,2
sex,male,22,4,1,0.2689414213699951,2
sex,male,32,4,0,0.15715291366398496,2
sex,male,44,4,0,0.04742587317756678,2
sex,male,25,2,0,0.08331439759984216,2
sex,male,25,3,0,0.11920292202211755,2
sex,male,25,4,0,0.12855246115124008,2
sex,male,25,4,1,0.19407217169605634,2
sex,male,43,2,0,0.01798620996209156,2
sex,male,43,4,0,0.06153833505392529,2
sex,male,43,4,1,0.11920292202211755,2
sex,male,39,2,0,0.01798620996209156,2
sex,male,39,4,0,0.05801021958483566,2
sex,male,39,4,1,0.04742587317756678,2
sex,male,42,3,0,0.04742587317756678,2
sex,male,42,4,0,0.05000541766028684,2
sex,male,36,4,1,0.04742587317756678,2
sex,male,36,2,0,0.01798620996209156,2
sex,male,36,4,0,0.04742587317756678,2
sex,male,53,4,0,0.050650303780966854,2
sex,male,29,3,0,0.04742587317756678,2
sex,male,29,4,0,0.08730201142453943,2
sex,male,29,4,1,0.2689414213699951,2
sex,male,55,4,0,0.06859456599210455,2
sex,male,47,4,0,0.05801021958483566,2
sex,male,40,3,0,0.03270604156982917,2
sex,male,40,4,0,0.03270604156982917,2
sex,male,52,4,0,0.07595448179597336,2
sex,male,49,4,0,0.06859456599210455,2
sex,male,28,4,0,0.16286883635847912,2
sex,male,28,4,1,0.2689414213699951,2
sex,male,48,3,0,0.04742587317756678,2
sex,male,48,4,0,0.01798620996209156,2
sex,male,54,4,0,0.06859456599210455,2
sex,male,60,4,0,0.11920292202211755,2
sex,male,64,2,0,0.01798620996209156,2
sex,male,62,4,0,0.01798620996209156,2
sex,male,57,4,0,0.01798620996209156,2
sex,male,58,4,0,0.04742587317756678,2
sex,female,30,4,0,0.04742587317756678,2
sex,female,30,4,1,0.2689414213699951,2
sex,female,48,4,0,0.03761265210574171,2
sex,female,24,3,1,0.11920292202211755,2
sex,female,24,2,0,0.04742587317756678,2
sex,female,24,4,0,0.04742587317756678,2
sex,female,36,3,0,0.04742587317756678,2
sex,female,36,4,0,0.11920292202211755,2
sex,female,21,4,1,0.11920292202211755,2
sex,female,21,4,0,0.08331439759984216,2
sex,female,31,4,0,0.04742587317756678,2
sex,female,47,4,0,0.04742587317756678,2
sex,female,43,4,0,0.01798620996209156,2
sex,female,32,4,1,0.2689414213699951,2
sex,female,32,4,0,0.04742587317756678,2
sex,female,50,3,0,0.03270604156982917,2
sex,female,50,4,0,0.04742587317756678,2
sex,female,34,4,0,0.01798620996209156,2
sex,female,28,4,0,0.11920292202211755,2
sex,female,27,2,0,0.04742587317756678,2
sex,female,27,3,0,0.04742587317756678,2
sex,female,27,4,0,0.0761366927153871,2
sex,female,41,4,0,0.09527723907393397,2
sex,female,56,4,0,0.01798620996209156,2
sex,female,52,4,0,0.01798620996209156,2
sex,female,55,4,0,0.01798620996209156,2
sex,female,23,4,0,0.04742587317756678,2
sex,female,26,3,0,0.04742587317756678,2
sex,female,29,4,1,0.2689414213699951,2
sex,female,18,4,1,0.04742587317756678,2
sex,female,37,4,0,0.01798620996209156,2
sex,female,19,2,0,0.04742587317756678,2
sex,female,19,4,0,0.04742587317756678,2
sex,female,33,4,0,0.11920292202211755,2
sex,female,35,4,0,0.04742587317756678,2
sex,female,39,4,0,0.11920292202211755,2
race,African-American,21,2,0,0.11920292202211755,3
race,African-American,21,3,0,0.04742587317756678,3
race,African-American,21,4,0,0.10983254385272115,3
race,African-American,21,4,1,0.15663754685908696,3
race,African-American,23,2,0,0.04742587317756678,3
race,African-American,23,4,0,0.15117149292693907,3
race,African-American,24,3,0,0.11920292202211755,3
race,African-American,24,4,0,0.12057723350184554,3
race,African-American,24,4,1,0.11920292202211755,3
race,African-American,19,3,0,0.04742587317756678,3
race,African-American,19,4,0,0.10546595241908499,3
race,African-American,19,2,1,0.11920292202211755,3
race,African-American,19,3,1,0.11920292202211755,3
race,African-American,35,4,0,0.03761265210574171,3
race,African-American,20,2,0,0.04742587317756678,3
race,African-American,20,3,0,0.08331439759984216,3
race,African-American,20,4,0,0.14040493560025644,3
race,African-American,27,4,0,0.16980291087794075,3
race,African-American,27,4,1,0.11920292202211755,3
race,African-American,29,3,0,0.04742587317756678,3
race,African-American,29,4,0,0.14519007218989313,3
race,African-American,29,4,1,0.2689414213699951,3
race,African-American,58,4,0,0.04742587317756678,3
race,African-American,25,3,0,0.04742587317756678,3
race,African-American,25,4,0,0.12096989392462498,3
race,African-American,25,4,1,0.19407217169605634,3
race,African-American,63,3,0,0.01798620996209156,3
race,African-American,39,4,0,0.03270604156982917,3
race,African-American,51,4,0,0.11920292202211755,3
race,African-American,50,4,1,0.04742587317756678,3
race,African-American,50,4,0,0.11920292202211755,3
race,African-American,53,4,0,0.11920292202211755,3
race,African-American,30,2,0,0.04742587317756678,3
race,African-American,30,3,0,0.04742587317756678,3
race,African-American,30,4,0,0.10484751225320739,3
race,African-American,30,4,1,0.2689414213699951,3
race,African-American,42,3,0,0.01798620996209156,3
race,African-American,42,4,0,0.01798620996209156,3
race,African-American,44,4,0,0.07135155612575036,3
race,African-American,44,4,1,0.11920292202211755,3
race,African-American,18,2,0,0.04742587317756678,3
race,African-American,18,3,0,0.04742587317756678,3
race,African-American,18,4,0,0.12043980235387275,3
race,African-American,18,3,1,0.11920292202211755,3
race,African-American,33,4,0,0.15741059706643395,3
race,African-American,33,4,1,0.2689414213699951,3
race,African-American,46,4,0,0.05801021958483566,3
race,African-American,64,4,1,0.11920292202211755,3
race,African-American,55,4,0,0.04742587317756678,3
race,African-American,41,2,0,0.01798620996209156,3
race,African-American,41,4,0,0.01798620996209156,3
race,African-American,26,2,0,0.11920292202211755,3
race,African-American,26,4,0,0.1618276832285462,3
race,African-American,26,4,1,0.11920292202211755,3
race,African-American,34,4,0,0.07605571008453654,3
race,African-American,34,4,1,0.11920292202211755,3
race,African-American,47,4,0,0.05172511398210022,3
race,African-American,22,2,0,0.04742587317756678,3
race,African-American,22,3,0,0.11920292202211755,3
race,African-American,22,4,0,0.12761750723832782,3
race,African-American,60,4,0,0.11920292202211755,3
race,African-American,37,4,0,0.07135155612575036,3
race,African-American,56,3,0,0.01798620996209156,3
race,African-American,56,4,0,0.11920292202211755,3
race,African-American,57,4,0,0.11920292202211755,3
race,African-American,32,4,0,0.21902858825403593,3
race,African-American,28,4,0,0.11920292202211755,3
race,African-American,28,4,1,0.11920292202211755,3
race,African-American,54,4,0,0.04742587317756678,3
race,African-American,48,4,0,0.06859456599210455,3
race,African-American,52,4,0,0.11920292202211755,3
race,African-American,31,4,0,0.2689414213699951,3
race,African-American,62,4,0,0.01798620996209156,3
race,African-American,36,3,0,0.01798620996209156,3
race,African-American,36,4,0,0.03270604156982917,3
race,African-American,49,4,0,0.08331439759984216,3
race,African-American,40,4,0,0.04742587317756678,3
race,African-American,40,4,1,0.04742587317756678,3
race,African-American,66,4,0,0.11920292202211755,3
race,Caucasian,27,4,0,0.08331439759984216,3
race,Caucasian,22,2,1,0.04742587317756678,3
race,Caucasian,22,2,0,0.04742587317756678,3
race,Caucasian,22,3,0,0.11920292202211755,3
race,Caucasian,22,4,0,0.15663754685908696,3
race,Caucasian,21,4,0,0.15038750222344827,3
race,Caucasian,35,4,1,0.07135155612575036,3
race,Caucasian,35,2,0,0.01798620996209156,3
race,Caucasian,35,3,0,0.01798620996209156,3
race,Caucasian,35,4,0,0.027799431033916633,3
race,Caucasian,38,2,0,0.01798620996209156,3
race,Caucasian,38,3,0,0.01798620996209156,3
race,Caucasian,28,4,0,0.10608439258496258,3
race,Caucasian,28,4,1,0.2689414213699951,3
race,Caucasian,26,3,0,0.11920292202211755,3
race,Caucasian,26,4,0,0.07135155612575038,3
race,Caucasian,24,4,0,0.12043980235387275,3
race,Caucasian,60,4,0,0.01798620996209156,3
race,Caucasian,44,2,0,0.01798620996209156,3
race,Caucasian,44,4,0,0.01798620996209156,3
race,Caucasian,23,4,0,0.08331439759984216,3
race,Caucasian,39,4,0,0.04742587317756678,3
race,Caucasian,30,4,0,0.08331439759984216,3
race,Caucasian,30,4,1,0.2689414213699951,3
race,Caucasian,52,4,0,0.06153833505392529,3
race,Caucasian,45,2,0,0.01798620996209156,3
race,Caucasian,45,4,0,0.11920292202211755,3
race,Caucasian,47,3,0,0.01798620996209156,3
race,Caucasian,47,4,0,0.11920292202211755,3
race,Caucasian,47,4,1,0.11920292202211755,3
race,Caucasian,33,3,0,0.11920292202211755,3
race,Caucasian,33,4,0,0.04742587317756678,3
race,Caucasian,33,4,1,0.2689414213699951,3
race,Caucasian,48,4,0,0.01798620996209156,3
race,Caucasian,48,4,1,0.01798620996209156,3
race,Caucasian,29,4,0,0.09527723907393397,3
race,Caucasian,41,4,0,0.08331439759984216,3
race,Caucasian,49,2,0,0.01798620996209156,3
race,Caucasian,49,4,0,0.027799431033916633,3
race,Caucasian,19,2,0,0.04742587317756678,3
race,Caucasian,19,3,0,0.08331439759984216,3
race,Caucasian,19,4,0,0.04742587317756678,3
race,Caucasian,32,4,0,0.06537013538870448,3
race,Caucasian,54,3,0,0.01798620996209156,3
race,Caucasian,54,4,0,0.11920292202211755,3
race,Caucasian,55,4,0,0.03270604156982917,3
race,Caucasian,20,4,1,0.2689414213699951,3
race,Caucasian,20,4,0,0.11920292202211755,3
race,Caucasian,25,2,0,0.08331439759984216,3
race,Caucasian,25,4,0,0.09527723907393397,3
race,Caucasian,31,2,0,0.11920292202211755,3
race,Caucasian,31,3,0,0.04742587317756678,3
race,Caucasian,31,4,0,0.04742587317756678,3
race,Caucasian,43,4,0,0.08331439759984216,3
race,Caucasian,68,4,0,0.11920292202211755,3
race,Caucasian,40,4,0,0.04742587317756678,3
race,Caucasian,36,4,0,0.07024876007229205,3
race,Caucasian,42,4,0,0.027799431033916633,3
race,Caucasian,53,4,0,0.04742587317756678,3
race,Caucasian,59,4,0,0.01798620996209156,3
race,Caucasian,34,4,0,0.07135155612575036,3
race,Caucasian,69,4,0,0.04742587317756678,3
race,Caucasian,57,3,0,0.04742587317756678,3
race,Caucasian,50,4,0,0.04742587317756678,3
race,Caucasian,58,4,0,0.01798620996209156,3
race,Hispanic,43,4,0,0.04742587317756678,3
race,Hispanic,18,3,0,0.11920292202211755,3
race,Hispanic,18,4,0,0.04742587317756678,3
race,Hispanic,33,4,0,0.04742587317756678,3
race,Hispanic,28,4,0,0.08331439759984216,3
race,Hispanic,21,4,0,0.2689414213699951,3
race,Hispanic,26,4,0,0.14519007218989313,3
race,Hispanic,35,2,0,0.01798620996209156,3
race,Hispanic,35,4,1,0.11920292202211755,3
race,Hispanic,19,2,0,0.04742587317756678,3
race,Hispanic,20,4,0,0.2689414213699951,3
race,Hispanic,45,3,0,0.01798620996209156,3
race,Hispanic,31,4,0,0.04742587317756678,3
race,Hispanic,24,4,1,0.2689414213699951,3
race,Hispanic,22,4,0,0.11920292202211755,3
race,Hispanic,57,4,0,0.01798620996209156,3
race,Hispanic,27,4,0,0.04742587317756678,3
race,Hispanic,50,2,0,0.01798620996209156,3
race,Hispanic,50,4,0,0.01798620996209156,3
race,Hispanic,49,4,0,0.01798620996209156,3
race,Hispanic,32,4,0,0.04742587317756678,3
race,Hispanic,34,3,0,0.01798620996209156,3
race,Other,28,4,0,0.04742587317756678,3
race,Other,21,4,0,0.11920292202211755,3
race,Other,21,4,1,0.2689414213699951,3
race,Other,25,4,0,0.11920292202211755,3
race,Other,34,2,0,0.01798620996209156,3
race,Other,22,2,0,0.04742587317756678,3
race,Other,22,4,0,0.11920292202211755,3
race,Other,46,4,0,0.01798620996209156,3
race,Other,36,3,0,0.04742587317756678,3
race,Other,27,4,0,0.11920292202211755,3
race,Other,26,4,0,0.04742587317756678,3
race,Other,51,4,0,0.11920292202211755,3
race,Other,37,4,0,0.11920292202211755,3
race,Other,40,4,0,0.01798620996209156,3
sex,male,21,2,0,0.11920292202211755,3
sex,male,21,4,0,0.14356587530440718,3
sex,male,21,4,1,0.1940721716960563,3
sex,male,23,2,0,0.04742587317756678,3
sex,male,23,4,0,0.1431910606385258,3
sex,male,24,3,0,0.11920292202211755,3
sex,male,24,4,0,0.12615140308526207,3
sex,male,24,4,1,0.19407217169605634,3
sex,male,27,4,0,0.15117149292693904,3
sex,male,27,4,1,0.11920292202211755,3
sex,male,22,2,1,0.04742587317756678,3
sex,male,22,2,0,0.04742587317756678,3
sex,male,22,3,0,0.11920292202211755,3
sex,male,22,4,0,0.14103587919029836,3
sex,male,43,4,0,0.07135155612575038,3
sex,male,19,2,0,0.04742587317756678,3
sex,male,19,3,0,0.07135155612575036,3
sex,male,19,4,0,0.08370092270351566,3
sex,male,19,2,1,0.11920292202211755,3
sex,male,19,3,1,0.11920292202211755,3
sex,male,35,4,1,0.07135155612575036,3
sex,male,35,2,0,0.01798620996209156,3
sex,male,35,3,0,0.01798620996209156,3
sex,male,35,4,0,0.03270604156982917,3
sex,male,38,2,0,0.01798620996209156,3
sex,male,38,3,0,0.01798620996209156,3
sex,male,20,2,0,0.04742587317756678,3
sex,male,20,3,0,0.08331439759984216,3
sex,male,20,4,0,0.15350887770921964,3
sex,male,20,4,1,0.2689414213699951,3
sex,male,28,4,0,0.09828824753462992,3
sex,male,28,4,1,0.19407217169605634,3
sex,male,58,4,0,0.04742587317756678,3
sex,male,25,2,0,0.04742587317756678,3
sex,male,25,4,0,0.11380217242875403,3
sex,male,25,4,1,0.19407217169605634,3
sex,male,63,3,0,0.01798620996209156,3
sex,male,51,4,0,0.11920292202211755,3
sex,male,26,2,0,0.11920292202211755,3
sex,male,26,3,0,0.11920292202211755,3
sex,male,26,4,0,0.11540121888867307,3
sex,male,26,4,1,0.11920292202211755,3
sex,male,50,4,1,0.04742587317756678,3
sex,male,50,2,0,0.01798620996209156,3
sex,male,50,4,0,0.06153833505392529,3
sex,male,53,4,0,0.09527723907393397,3
sex,male,42,4,0,0.01798620996209156,3
sex,male,18,2,0,0.04742587317756678,3
sex,male,18,3,0,0.08331439759984216,3
sex,male,18,4,0,0.10827081415782176,3
sex,male,18,3,1,0.11920292202211755,3
sex,male,44,2,0,0.01798620996209156,3
sex,male,44,4,0,0.06153833505392529,3
sex,male,33,3,0,0.11920292202211755,3
sex,male,33,4,0,0.1354136522886605,3
sex,male,33,4,1,0.2689414213699951,3
sex,male,60,4,0,0.06859456599210455,3
sex,male,46,4,0,0.05000541766028684,3
sex,male,64,4,1,0.11920292202211755,3
sex,male,55,4,0,0.03761265210574171,3
sex,male,41,2,0,0.01798620996209156,3
sex,male,41,4,0,0.06153833505392529,3
sex,male,34,3,0,0.01798620996209156,3
sex,male,34,4,0,0.07319272639383956,3
sex,male,34,4,1,0.11920292202211755,3
sex,male,30,3,0,0.04742587317756678,3
sex,male,30,4,0,0.1032524667233285,3
sex,male,30,4,1,0.2689414213699951,3
sex,male,47,3,0,0.01798620996209156,3
sex,male,47,4,0,0.06859456599210455,3
sex,male,37,4,0,0.08331439759984217,3
sex,male,39,4,0,0.03270604156982917,3
sex,male,56,3,0,0.01798620996209156,3
sex,male,56,4,0,0.11920292202211755,3
sex,male,52,4,0,0.07595448179597336,3
sex,male,45,2,0,0.01798620996209156,3
sex,male,45,3,0,0.01798620996209156,3
sex,male,45,4,0,0.11920292202211755,3
sex,male,57,3,0,0.04742587317756678,3
sex,male,57,4,0,0.08546401800210889,3
sex,male,48,4,0,0.051725113982100224,3
sex,male,48,4,1,0.01798620996209156,3
sex,male,29,3,0,0.04742587317756678,3
sex,male,29,4,0,0.13869328464794925,3
sex,male,29,4,1,0.2689414213699951,3
sex,male,32,4,0,0.13122375804527509,3
sex,male,36,3,0,0.03270604156982917,3
sex,male,36,4,0,0.05952226907158836,3
sex,male,54,3,0,0.01798620996209156,3
sex,male,54,4,0,0.07135155612575036,3
sex,male,68,4,0,0.11920292202211755,3
sex,male,40,4,0,0.03270604156982917,3
sex,male,40,4,1,0.04742587317756678,3
sex,male,31,2,0,0.11920292202211755,3
sex,male,31,4,0,0.1951029053058523,3
sex,male,62,4,0,0.01798620996209156,3
sex,male,59,4,0,0.01798620996209156,3
sex,male,49,2,0,0.01798620996209156,3
sex,male,49,4,0,0.050650303780966854,3
sex,male,69,4,0,0.04742587317756678,3
sex,female,28,4,0,0.04742587317756678,3
sex,female,29,4,0,0.04742587317756678,3
sex,female,25,2,0,0.11920292202211755,3
sex,female,25,3,0,0.04742587317756678,3
sex,female,39,4,0,0.04742587317756678,3
sex,female,30,2,0,0.04742587317756678,3
sex,female,30,4,0,0.09527723907393397,3
sex,female,35,2,0,0.01798620996209156,3
sex,female,35,4,1,0.11920292202211755,3
sex,female,44,4,1,0.11920292202211755,3
sex,female,44,4,0,0.04742587317756678,3
sex,female,34,2,0,0.01798620996209156,3
sex,female,34,4,0,0.08331439759984216,3
sex,female,27,4,0,0.04742587317756678,3
sex,female,26,4,0,0.1951029053058523,3
sex,female,19,2,0,0.04742587317756678,3
sex,female,19,3,0,0.04742587317756678,3
sex,female,22,2,0,0.04742587317756678,3
sex,female,22,4,0,0.08331439759984216,3
sex,female,49,4,0,0.03270604156982917,3
sex,female,32,4,0,0.04742587317756678,3
sex,female,31,3,0,0.04742587317756678,3
sex,female,31,4,0,0.04742587317756678,3
sex,female,33,4,0,0.04742587317756678,3
sex,female,47,4,1,0.11920292202211755,3
sex,female,42,3,0,0.01798620996209156,3
sex,female,42,4,0,0.027799431033916633,3
sex,female,21,3,0,0.04742587317756678,3
sex,female,18,2,0,0.04742587317756678,3
sex,female,24,4,0,0.04742587317756678,3
sex,female,40,4,0,0.04742587317756678,3
sex,female,66,4,0,0.11920292202211755,3
sex,female,23,4,0,0.11920292202211755,3
sex,female,58,4,0,0.01798620996209156,3
race,Caucasian,39,4,0,0.04742587317756678,4
race,Caucasian,40,2,0,0.01798620996209156,4
race,Caucasian,40,3,0,0.01798620996209156,4
race,Caucasian,40,4,0,0.08546401800210889,4
race,Caucasian,36,3,1,0.04742587317756678,4
race,Caucasian,36,3,0,0.04742587317756678,4
race,Caucasian,36,4,0,0.01798620996209156,4
race,Caucasian,42,3,0,0.01798620996209156,4
race,Caucasian,42,4,0,0.06153833505392529,4
race,Caucasian,27,4,0,0.09527723907393397,4
race,Caucasian,32,2,0,0.04742587317756678,4
race,Caucasian,32,4,0,0.04742587317756678,4
race,Caucasian,55,4,0,0.06153833505392529,4
race,Caucasian,33,4,0,0.07135155612575036,4
race,Caucasian,26,4,0,0.04742587317756678,4
race,Caucasian,22,4,0,0.13869328464794925,4
race,Caucasian,20,4,0,0.08331439759984216,4
race,Caucasian,43,4,0,0.01798620996209156,4
race,Caucasian,18,4,0,0.11920292202211755,4
race,Caucasian,28,4,0,0.08331439759984216,4
race,Caucasian,28,4,1,0.11920292202211753,4
race,Caucasian,45,4,0,0.01798620996209156,4
race,Caucasian,38,4,0,0.04742587317756678,4
race,Caucasian,30,3,0,0.04742587317756678,4
race,Caucasian,30,4,0,0.1060843925849626,4
race,Caucasian,47,2,0,0.01798620996209156,4
race,Caucasian,47,3,0,0.01798620996209156,4
race,Caucasian,47,4,0,0.11920292202211755,4
race,Caucasian,37,4,0,0.03270604156982917,4
race,Caucasian,19,2,0,0.04742587317756678,4
race,Caucasian,19,4,0,0.08331439759984216,4
race,Caucasian,56,3,0,0.03270604156982917,4
race,Caucasian,56,4,0,0.01798620996209156,4
race,Caucasian,25,3,0,0.04742587317756678,4
race,Caucasian,25,4,0,0.08331439759984216,4
race,Caucasian,24,4,0,0.09527723907393397,4
race,Caucasian,34,4,0,0.04742587317756678,4
race,Caucasian,29,3,0,0.04742587317756678,4
race,Caucasian,29,4,0,0.19407217169605634,4
race,Caucasian,23,4,0,0.08331439759984216,4
race,Caucasian,58,3,0,0.01798620996209156,4
race,Caucasian,58,4,0,0.11920292202211755,4
race,Caucasian,53,4,0,0.03270604156982917,4
race,Caucasian,53,4,1,0.11920292202211755,4
race,Caucasian,21,4,0,0.1647429119923584,4
race,Caucasian,31,2,0,0.11920292202211755,4
race,Caucasian,31,4,0,0.12126438924170957,4
race,Caucasian,46,4,1,0.11920292202211755,4
race,Caucasian,63,4,0,0.01798620996209156,4
race,Caucasian,49,4,0,0.01798620996209156,4
race,Caucasian,51,4,0,0.04742587317756678,4
race,Caucasian,35,4,0,0.04742587317756678,4
race,Caucasian,60,4,0,0.01798620996209156,4
race,African-American,18,2,0,0.04742587317756678,4
race,African-American,18,3,0,0.08331439759984216,4
race,African-American,18,4,0,0.04742587317756678,4
race,African-American,23,3,1,0.11920292202211755,4
race,African-American,23,4,1,0.2689414213699951,4
race,African-American,23,2,0,0.04742587317756678,4
race,African-American,23,3,0,0.04742587317756678,4
race,African-American,23,4,0,0.15741059706643395,4
race,African-American,36,4,0,0.040065957373697975,4
race,African-American,36,4,1,0.11920292202211755,4
race,African-American,32,2,0,0.04742587317756678,4
race,African-American,32,3,0,0.11920292202211755,4
race,African-American,32,4,0,0.12023365563191356,4
race,African-American,32,4,1,0.19407217169605634,4
race,African-American,26,4,0,0.17421550375396178,4
race,African-American,28,2,0,0.04742587317756678,4
race,African-American,28,3,0,0.04742587317756678,4
race,African-American,28,4,0,0.12023365563191356,4
race,African-American,28,4,1,0.21902858825403593,4
race,African-American,31,4,0,0.18033520209302376,4
race,African-American,44,4,0,0.11920292202211753,4
race,African-American,44,4,1,0.11920292202211755,4
race,African-American,35,3,0,0.04742587317756678,4
race,African-American,35,4,0,0.05172511398210022,4
race,African-American,35,4,1,0.11920292202211755,4
race,African-American,24,2,0,0.04742587317756678,4
race,African-American,24,3,0,0.04742587317756678,4
race,African-American,24,4,0,0.12074902243681154,4
race,African-American,27,4,1,0.11920292202211755,4
race,African-American,27,2,0,0.04742587317756678,4
race,African-American,27,3,0,0.04742587317756678,4
race,African-American,27,4,0,0.17971676192714617,4
race,African-American,19,2,0,0.08331439759984216,4
race,African-American,19,3,0,0.08331439759984216,4
race,African-American,19,4,0,0.09228652870541101,4
race,African-American,19,4,1,0.04742587317756678,4
race,African-American,25,2,0,0.04742587317756678,4
race,African-American,25,3,0,0.11920292202211755,4
race,African-American,25,4,0,0.12685254494594508,4
race,African-American,25,4,1,0.2689414213699951,4
race,African-American,33,4,0,0.22615899298488723,4
race,African-American,53,4,0,0.06859456599210455,4
race,African-American,55,4,0,0.11920292202211755,4
race,African-American,30,2,0,0.04742587317756678,4
race,African-American,30,3,0,0.04742587317756678,4
race,African-American,30,4,0,0.17612790948491863,4
race,African-American,30,4,1,0.2689414213699951,4
race,African-American,40,3,0,0.04742587317756678,4
race,African-American,40,4,0,0.04957549357983349,4
race,African-American,42,4,0,0.051725113982100224,4
race,African-American,39,4,0,0.07840778706392963,4
race,African-American,39,4,1,0.11920292202211755,4
race,African-American,47,3,0,0.01798620996209156,4
race,African-American,47,4,0,0.11920292202211755,4
race,African-American,68,4,0,0.01798620996209156,4
race,African-American,21,2,0,0.04742587317756678,4
race,African-American,21,3,0,0.04742587317756678,4
race,African-American,21,4,0,0.1110038411238957,4
race,African-American,21,2,1,0.04742587317756678,4
race,African-American,21,4,1,0.2689414213699951,4
race,African-American,43,4,0,0.058472894786101945,4
race,African-American,43,4,1,0.04742587317756678,4
race,African-American,22,2,0,0.04742587317756678,4
race,African-American,22,4,0,0.15715291366398496,4
race,African-American,22,4,1,0.08331439759984216,4
race,African-American,59,4,0,0.01798620996209156,4
race,African-American,38,4,0,0.11920292202211753,4
race,African-American,48,4,0,0.07135155612575038,4
race,African-American,20,2,0,0.08331439759984216,4
race,African-American,20,4,0,0.10827081415782175,4
race,African-American,46,4,0,0.08331439759984216,4
race,African-American,66,4,0,0.01798620996209156,4
race,African-American,54,4,0,0.08331439759984216,4
race,African-American,29,4,0,0.07135155612575038,4
race,African-American,37,2,0,0.01798620996209156,4
race,African-American,37,4,0,0.06153833505392529,4
race,African-American,45,2,0,0.01798620996209156,4
race,African-American,45,4,0,0.06859456599210455,4
race,African-American,51,4,1,0.04742587317756678,4
race,African-American,51,4,0,0.11920292202211755,4
race,African-American,49,3,0,0.01798620996209156,4
race,African-American,49,4,0,0.08331439759984216,4
race,African-American,56,4,0,0.04742587317756678,4
race,African-American,57,4,0,0.01798620996209156,4
race,African-American,34,4,0,0.11920292202211753,4
race,African-American,50,4,0,0.11920292202211755,4
race,African-American,52,4,0,0.11920292202211755,4
race,African-American,60,2,0,0.04742587317756678,4
race,Hispanic,21,4,1,0.04742587317756678,4
race,Hispanic,21,2,0,0.04742587317756678,4
race,Hispanic,21,4,0,0.15818364727378095,4
race,Hispanic,19,4,0,0.11920292202211755,4
race,Hispanic,49,4,0,0.01798620996209156,4
race,Hispanic,23,4,0,0.17612790948491863,4
race,Hispanic,20,3,0,0.04742587317756678,4
race,Hispanic,20,4,0,0.04742587317756678,4
race,Hispanic,25,2,0,0.04742587317756678,4
race,Hispanic,25,4,0,0.04742587317756678,4
race,Hispanic,55,4,0,0.01798620996209156,4
race,Hispanic,27,2,0,0.04742587317756678,4
race,Hispanic,42,4,0,0.01798620996209156,4
race,Hispanic,28,4,0,0.11920292202211755,4
race,Hispanic,31,2,0,0.04742587317756678,4
race,Hispanic,34,4,0,0.01798620996209156,4
race,Hispanic,33,4,0,0.2689414213699951,4
race,Hispanic,35,4,0,0.01798620996209156,4
race,Hispanic,22,4,0,0.2689414213699951,4
race,Hispanic,41,4,0,0.01798620996209156,4
race,Hispanic,26,4,0,0.2689414213699951,4
race,Other,49,4,0,0.04742587317756678,4
race,Other,45,4,0,0.06859456599210455,4
race,Other,33,3,0,0.04742587317756678,4
race,Other,39,3,0,0.01798620996209156,4
race,Other,22,3,0,0.11920292202211755,4
race,Other,22,4,0,0.11920292202211755,4
race,Other,18,3,0,0.04742587317756678,4
race,Other,18,4,0,0.04742587317756678,4
race,Other,29,2,0,0.04742587317756678,4
race,Other,29,4,0,0.2689414213699951,4
race,Other,19,4,0,0.04742587317756678,4
race,Other,48,4,0,0.01798620996209156,4
race,Other,50,2,0,0.01798620996209156,4
race,Other,61,4,0,0.11920292202211755,4
race,Other,31,4,0,0.2689414213699951,4
race,Other,20,4,0,0.11920292202211755,4
race,Other,21,4,0,0.11920292202211755,4
race,Other,27,4,0,0.04742587317756678,4
race,Other,36,4,0,0.01798620996209156,4
race,Other,38,3,0,0.01798620996209156,4
race,Other,24,4,0,0.11920292202211755,4
race,Other,28,4,0,0.04742587317756678,4
race,Other,46,4,0,0.11920292202211755,4
race,Other,58,2,0,0.01798620996209156,4
race,Other,34,4,0,0.01798620996209156,4
race,Other,52,3,0,0.01798620996209156,4
sex,male,39,4,0,0.07066230859233891,4
sex,male,39,4,1,0.11920292202211755,4
sex,male,18,2,0,0.04742587317756678,4
sex,male,18,3,0,0.07613669271538707,4
sex,male,18,4,0,0.04742587317756678,4
sex,male,21,2,1,0.04742587317756678,4
sex,male,21,4,1,0.15818364727378095,4
sex,male,21,2,0,0.04742587317756678,4
sex,male,21,3,0,0.04742587317756678,4
sex,male,21,4,0,0.1352075055667013,4
sex,male,40,3,0,0.03270604156982917,4
sex,male,40,4,0,0.06698235069040451,4
sex,male,23,3,1,0.11920292202211755,4
sex,male,23,4,1,0.2689414213699951,4
sex,male,23,2,0,0.04742587317756678,4
sex,male,23,3,0,0.04742587317756678,4
sex,male,23,4,0,0.16023071819178952,4
sex,male,36,3,0,0.04742587317756678,4
sex,male,36,4,0,0.03270604156982917,4
sex,male,36,3,1,0.04742587317756678,4
sex,male,36,4,1,0.11920292202211755,4
sex,male,32,2,0,0.04742587317756678,4
sex,male,32,3,0,0.11920292202211755,4
sex,male,32,4,0,0.1060843925849626,4
sex,male,32,4,1,0.19407217169605634,4
sex,male,19,2,0,0.07135155612575036,4
sex,male,19,3,0,0.08331439759984216,4
sex,male,19,4,0,0.09159636477421342,4
sex,male,26,4,0,0.1717490642954724,4
sex,male,28,2,0,0.04742587317756678,4
sex,male,28,3,0,0.04742587317756678,4
sex,male,28,4,0,0.111914850112587,4
sex,male,28,4,1,0.15663754685908696,4
sex,male,31,2,0,0.04742587317756678,4
sex,male,31,4,0,0.20565126474358703,4
sex,male,42,3,0,0.01798620996209156,4
sex,male,42,4,0,0.051110936724309726,4
sex,male,49,3,0,0.01798620996209156,4
sex,male,49,4,0,0.029762075248281644,4
sex,male,44,4,0,0.11920292202211753,4
sex,male,44,4,1,0.11920292202211755,4
sex,male,35,3,0,0.04742587317756678,4
sex,male,35,4,0,0.050650303780966854,4
sex,male,35,4,1,0.11920292202211755,4
sex,male,24,2,0,0.04742587317756678,4
sex,male,24,3,0,0.04742587317756678,4
sex,male,24,4,0,0.111914850112587,4
sex,male,20,2,0,0.08331439759984216,4
sex,male,20,3,0,0.04742587317756678,4
sex,male,20,4,0,0.11997597222946454,4
sex,male,27,4,1,0.11920292202211755,4
sex,male,27,2,0,0.04742587317756678,4
sex,male,27,4,0,0.17421550375396178,4
sex,male,25,2,0,0.04742587317756678,4
sex,male,25,3,0,0.08331439759984216,4
sex,male,25,4,0,0.12015436843116002,4
sex,male,25,4,1,0.2689414213699951,4
sex,male,33,3,0,0.04742587317756678,4
sex,male,33,4,0,0.2038173530089722,4
sex,male,53,4,0,0.05065030378096686,4
sex,male,55,4,0,0.07871623719810714,4
sex,male,45,2,0,0.01798620996209156,4
sex,male,45,4,0,0.046905270550670404,4
sex,male,30,2,0,0.04742587317756678,4
sex,male,30,3,0,0.04742587317756678,4
sex,male,30,4,0,0.18210933022196452,4
sex,male,30,4,1,0.2689414213699951,4
sex,male,22,2,0,0.04742587317756678,4
sex,male,22,3,0,0.11920292202211755,4
sex,male,22,4,0,0.16060291290415474,4
sex,male,22,4,1,0.08331439759984216,4
sex,male,47,2,0,0.01798620996209156,4
sex,male,47,3,0,0.01798620996209156,4
sex,male,47,4,0,0.11920292202211755,4
sex,male,68,4,0,0.01798620996209156,4
sex,male,43,4,0,0.058472894786101945,4
sex,male,43,4,1,0.04742587317756678,4
sex,male,38,3,0,0.01798620996209156,4
sex,male,38,4,0,0.10125865981097987,4
sex,male,37,2,0,0.01798620996209156,4
sex,male,37,4,0,0.05000541766028684,4
sex,male,59,4,0,0.01798620996209156,4
sex,male,48,4,0,0.05801021958483567,4
sex,male,56,3,0,0.03270604156982917,4
sex,male,56,4,0,0.03270604156982917,4
sex,male,46,4,0,0.09527723907393397,4
sex,male,46,4,1,0.11920292202211755,4
sex,male,29,4,0,0.1647429119923584,4
sex,male,66,4,0,0.01798620996209156,4
sex,male,54,4,0,0.08331439759984216,4
sex,male,50,2,0,0.01798620996209156,4
sex,male,50,4,0,0.11920292202211755,4
sex,male,61,4,0,0.11920292202211755,4
sex,male,34,4,0,0.06557046701859916,4
sex,male,58,2,0,0.01798620996209156,4
sex,male,58,3,0,0.01798620996209156,4
sex,male,58,4,0,0.11920292202211755,4
sex,male,51,4,1,0.04742587317756678,4
sex,male,57,4,0,0.01798620996209156,4
sex,male,60,4,0,0.01798620996209156,4
sex,male,52,3,0,0.01798620996209156,4
sex,male,52,4,0,0.11920292202211755,4
sex,male,41,4,0,0.01798620996209156,4
sex,female,27,2,0,0.04742587317756678,4
sex,female,27,3,0,0.04742587317756678,4
sex,female,27,4,0,0.07135155612575036,4
sex,female,20,4,0,0.04742587317756678,4
sex,female,55,4,0,0.04742587317756678,4
sex,female,35,4,0,0.01798620996209156,4
sex,female,43,4,0,0.01798620996209156,4
sex,female,18,2,0,0.04742587317756678,4
sex,female,18,4,0,0.11920292202211755,4
sex,female,24,2,0,0.04742587317756678,4
sex,female,39,3,0,0.01798620996209156,4
sex,female,47,3,0,0.01798620996209156,4
sex,female,47,4,0,0.11920292202211755,4
sex,female,30,4,0,0.04742587317756678,4
sex,female,32,2,0,0.04742587317756678,4
sex,female,32,4,0,0.11920292202211755,4
sex,female,25,4,0,0.04742587317756678,4
sex,female,22,2,0,0.04742587317756678,4
sex,female,22,4,0,0.11920292202211755,4
sex,female,29,2,0,0.04742587317756678,4
sex,female,29,3,0,0.04742587317756678,4
sex,female,29,4,0,0.04742587317756678,4
sex,female,21,2,0,0.04742587317756678,4
sex,female,21,4,0,0.11920292202211755,4
sex,female,33,4,0,0.14519007218989313,4
sex,female,23,4,0,0.04742587317756678,4
sex,female,51,4,0,0.08331439759984216,4
sex,female,49,4,0,0.11920292202211755,4
sex,female,45,4,0,0.01798620996209156,4
sex,female,31,2,0,0.11920292202211755,4
sex,female,31,4,0,0.04742587317756678,4
sex,female,28,4,1,0.19407217169605634,4
sex,female,28,4,0,0.04742587317756678,4
sex,female,63,4,0,0.01798620996209156,4
sex,female,53,4,1,0.11920292202211755,4
sex,female,40,2,0,0.01798620996209156,4
sex,female,40,4,0,0.01798620996209156,4
sex,female,19,4,1,0.04742587317756678,4
sex,female,38,4,0,0.04742587317756678,4
sex,female,60,2,0,0.04742587317756678,4
